Product,Price,Ratings,Specs,PageNumber,Discount
Lenovo IdeaPad Gaming Ryzen 5 Hexa Core 4600H - (8 GB/1 TB HDD/256 GB SSD/Windows 10 Home/4 GB Graphic...,"₹63,990",,AMD Ryzen 5 Hexa Core Processor,1,26.0
Lenovo Core i5 9th Gen - (8 GB/1 TB HDD/Windows 10 Home/3 GB Graphics/NVIDIA GeForce GTX 1050) L340-15...,"₹49,990",4.1,Intel Core i5 Processor (9th Gen),1,28.0
HP Pentium Quad Core - (8 GB/256 GB SSD/Windows 10 Home) 14s- DQ3018TU Thin and Light Laptop,"₹31,490",4.4,Intel Pentium Quad Core Processor,1,8.0
ASUS VivoBook 15 Core i3 10th Gen - (8 GB/1 TB HDD/Windows 10 Home) X515JA-EJ322TS Thin and Light Lapt...,"₹34,910",4.1,Intel Core i3 Processor (10th Gen),1,
HP 14s Ryzen 3 Quad Core 4300U - (8 GB/512 GB SSD/Windows 10 Home) 14s-fr0016AU Thin and Light Laptop,"₹39,490",4.4,AMD Ryzen 3 Quad Core Processor,1,11.0
Lenovo Ideapad S145 Core i3 10th Gen - (8 GB/1 TB HDD/Windows 10 Home) S145-15IIL Laptop,"₹35,990",3.9,Intel Core i3 Processor (10th Gen),1,15.0
acer Aspire 7 Ryzen 5 Quad Core 3550H - (8 GB/512 GB SSD/Windows 10 Home/4 GB Graphics/NVIDIA GeForce ...,"₹49,990",4.4,AMD Ryzen 5 Quad Core Processor,1,31.0
Lenovo Ideapad 5 Ryzen 7 Octa Core 4700U - (8 GB/512 GB SSD/Windows 10 Home) 14ARE05 Thin and Light La...,"₹57,990",4.4,AMD Ryzen 7 Octa Core Processor,1,4.0
acer Aspire 7 Core i5 9th Gen - (8 GB/512 GB SSD/Windows 10 Home/4 GB Graphics/NVIDIA GeForce GTX 1650...,"₹53,990",4.4,Intel Core i5 Processor (9th Gen),1,36.0
HP Pavilion Gaming Ryzen 5 Quad Core 3550H - (8 GB/1 TB HDD/Windows 10 Home/4 GB Graphics/NVIDIA GeFor...,"₹50,990",4.2,AMD Ryzen 5 Quad Core Processor,1,9.0
APPLE MacBook Air M1 - (8 GB/256 GB SSD/Mac OS Big Sur) MGN63HN/A,"₹92,900",4.7,Apple M1 Processor,1,
Lenovo IdeaPad Gaming 3 Ryzen 7 Octa Core 4800H - (8 GB/512 GB SSD/Windows 10 Home/4 GB Graphics/NVIDI...,"₹67,990",4.0,AMD Ryzen 7 Octa Core Processor,1,24.0
HP 15s Ryzen 3 Dual Core 3250U - (8 GB/1 TB HDD/Windows 10 Home) 15s-GR0011AU Thin and Light Laptop,"₹36,490",4.2,AMD Ryzen 3 Dual Core Processor,1,8.0
DELL Inspiron Core i5 11th Gen - (8 GB/1 TB HDD/256 GB SSD/Windows 10) INSPIRON 3501 Notebook,"₹56,033",4.3,Intel Core i5 Processor (11th Gen),1,7.0
HP 14s Core i3 11th Gen - (8 GB/256 GB SSD/Windows 10 Home) 14s- DY2501TU Thin and Light Laptop,"₹40,990",4.6,Intel Core i3 Processor (11th Gen),1,10.0
Lenovo IdeaPad Core i3 11th Gen - (8 GB/512 GB SSD/Windows 10 Home) 14ITL6 Thin and Light Laptop,"₹61,790",,Intel Core i3 Processor (11th Gen),1,
Lenovo Ideapad S145 Core i5 10th Gen - (8 GB/1 TB HDD/Windows 10 Home) S145-15IIL Laptop,"₹42,990",3.9,Intel Core i5 Processor (10th Gen),1,35.0
HP 15s Ryzen 3 Dual Core 3250U - (8 GB/1 TB HDD/256 GB SSD/Windows 10 Home) 15s-GR0012AU Laptop,"₹41,990",4.4,AMD Ryzen 3 Dual Core Processor,1,5.0
DELL Inspiron Core i3 10th Gen - (8 GB/256 GB SSD/Windows 10) Inspiron 3501 Notebook,"₹40,707",5.0,Intel Core i3 Processor (10th Gen),1,
ASUS Ryzen 3 Dual Core - (4 GB/256 GB SSD/Windows 10 Home) M515DA-BQ312TS Thin and Light Laptop,"₹32,990",4.4,AMD Ryzen 3 Dual Core Processor,1,13.0
ASUS Pentium Quad Core - (4 GB/1 TB HDD/Windows 10 Home) X543MA-GQ1020T Laptop,"₹24,990",3.8,Intel Pentium Quad Core Processor,1,14.0
ASUS Celeron Dual Core - (4 GB/1 TB HDD/Windows 10 Home) X543MA-GQ1015T Laptop,"₹23,490",3.9,Intel Celeron Dual Core Processor,1,3.0
Mi Notebook 14 Core i5 10th Gen - (8 GB/512 GB SSD/Windows 10 Home) JYU4299IN Thin and Light Laptop,"₹46,999",4.3,Intel Core i5 Processor (10th Gen),1,4.0
Lenovo IdeaPad 3 Ryzen 5 Quad Core 3500U - (8 GB/512 GB SSD/Windows 10 Home) 14ADA05 Laptop,"₹42,990",3.9,AMD Ryzen 5 Quad Core Processor,1,23.0
Lenovo Ideapad S145 Ryzen 3 Dual Core 3200U - (4 GB/1 TB HDD/Windows 10 Home) S145-15API Thin and Ligh...,"₹28,990",3.9,AMD Ryzen 3 Dual Core Processor,2,22.0
ASUS VivoBook 14 Ryzen 5 Hexa Core 4500U - (8 GB/512 GB SSD/Windows 10 Home) M413IA-EK582T Thin and Li...,"₹52,990",4.4,AMD Ryzen 5 Hexa Core Processor,2,13.0
DELL Inspiron Core i5 11th Gen - (8 GB/512 GB SSD/Windows 10 Home) �INSP 5406 2 in 1 2 in 1 Laptop,"₹68,240",4.3,Intel Core i5 Processor (11th Gen),2,8.0
ASUS VivoBook 15 Core i5 10th Gen - (8 GB/1 TB HDD/256 GB SSD/Windows 10 Home) X515JA-EJ512TS Thin and...,"₹53,990",4.3,Intel Core i5 Processor (10th Gen),2,
HP 14s Core i5 11th Gen - (8 GB/512 GB SSD/Windows 10 Home) 14s- DQ2535TU Thin and Light Laptop,"₹54,990",4.2,Intel Core i5 Processor (11th Gen),2,5.0
Lenovo Legion Y540 Core i5 9th Gen - (8 GB/512 GB SSD/Windows 10 Home/4 GB Graphics) Y540-15IRH-PG0 Th...,"₹57,990",4.7,Intel Core i5 Processor (9th Gen),2,31.0
Lenovo Legion Y540 Core i5 9th Gen - (8 GB/1 TB HDD/256 GB SSD/Windows 10 Home/4 GB Graphics/NVIDIA Ge...,"₹60,990",4.5,Intel Core i5 Processor (9th Gen),2,29.0
HP Core i3 11th Gen - (8 GB/512 GB SSD/Windows 10 Home) 15s-FR2006TU Thin and Light Laptop,"₹45,290",4.4,Intel Core i3 Processor (11th Gen),2,7.0
MSI GF63 Thin Core i5 9th Gen - (8 GB/512 GB SSD/Windows 10 Home/4 GB Graphics/NVIDIA GeForce GTX 1650...,"₹56,990",4.4,Intel Core i5 Processor (9th Gen),2,21.0
HP 15s Pentium Gold - (4 GB/1 TB HDD/Windows 10 Home) 15s-du1052TU Thin and Light Laptop,"₹27,990",3.9,Intel Pentium Gold Processor,2,5.0
acer Nitro 5 Ryzen 5 Hexa Core 4600H - (8 GB/1 TB HDD/256 GB SSD/Windows 10 Home/4 GB Graphics/NVIDIA ...,"₹64,990",4.4,AMD Ryzen 5 Hexa Core Processor,2,17.0
APPLE MacBook Air M1 - (8 GB/256 GB SSD/Mac OS Big Sur) MGN93HN/A,"₹92,900",4.7,Apple M1 Processor,2,
ASUS Core i3 11th Gen - (4 GB/512 GB SSD/Windows 10 Home) Indie Black Thin and Light Laptop,"₹41,990",4.4,Intel Core i3 Processor (11th Gen),2,20.0
HP Pavilion Gaming Ryzen 5 Quad Core 3550H - (8 GB/512 GB SSD/Windows 10 Home/4 GB Graphics/NVIDIA GeF...,"₹59,990",4.5,AMD Ryzen 5 Quad Core Processor,2,
Lenovo IdeaPad Gaming Ryzen 5 Hexa Core 4600H - (8 GB/1 TB HDD/256 GB SSD/Windows 10 Home/4 GB Graphic...,"₹63,990",,AMD Ryzen 5 Hexa Core Processor,2,26.0
Lenovo IdeaPad 3 Core i5 10th Gen - (8 GB/1 TB HDD/Windows 10 Home) 15IIL05 Laptop,"₹43,990",4.3,Intel Core i5 Processor (10th Gen),2,31.0
HP 15s Athlon Dual Core - (4 GB/1 TB HDD/Windows 10 Home) 15s-GY0001AU Thin and Light Laptop,"₹27,490",4.1,AMD Athlon Dual Core Processor,2,3.0
HP 15s Core i3 11th Gen - (8 GB/1 TB HDD/Windows 10 Home) 15s-dy3001TU Thin and Light Laptop,"₹41,490",4.1,Intel Core i3 Processor (11th Gen),2,9.0
APPLE MacBook Air M1 - (8 GB/256 GB SSD/Mac OS Big Sur) MGND3HN/A,"₹92,900",4.7,Apple M1 Processor,2,
MSI Bravo 15 Ryzen 5 Hexa Core 4600H - (16 GB/512 GB SSD/Windows 10 Home/4 GB Graphics/AMD Radeon RX 5...,"₹72,990",4.5,AMD Ryzen 5 Hexa Core Processor,2,13.0
MSI GP65 Leopard Core i7 10th Gen - (16 GB/1 TB HDD/256 GB SSD/Windows 10 Home/6 GB Graphics/NVIDIA Ge...,"₹99,990",4.7,"15.6 inches Full HD IPS Thin Bezel Display (144Hz, 45% NTSC Color Gamut)",2,31.0
HP Pavilion Core i5 11th Gen - (16 GB/512 GB SSD/Windows 10 Home) 13-bb0075TU Thin and Light Laptop,"₹65,990",4.4,Intel Core i5 Processor (11th Gen),2,11.0
Mi Notebook 14 Core i5 10th Gen - (8 GB/256 GB SSD/Windows 10 Home) JYU4298IN Thin and Light Laptop,"₹43,999",4.3,Intel Core i5 Processor (10th Gen),2,5.0
ASUS Vivobook Gaming Core i5 9th Gen - (8 GB/512 GB SSD/Windows 10 Home/4 GB Graphics/NVIDIA GeForce G...,"₹58,990",4.5,Intel Core i5 Processor (9th Gen),2,18.0
Lenovo Legion Core i7 9th Gen - (8 GB/1 TB HDD/256 GB SSD/Windows 10 Home/4 GB Graphics) Y540-15IRH-PG...,"₹69,990",4.2,Intel Core i7 Processor (9th Gen),3,33.0
ASUS Vivobook Gaming Core i5 9th Gen - (8 GB/512 GB SSD/Windows 10 Home/4 GB Graphics/NVIDIA GeForce G...,"₹58,990",4.5,Intel Core i5 Processor (9th Gen),3,18.0
HP Pavilion Core i5 11th Gen - (16 GB/512 GB SSD/Windows 10 Home) 13-bb0075TU Thin and Light Laptop,"₹65,990",4.4,Intel Core i5 Processor (11th Gen),3,11.0
Lenovo IdeaPad Gaming Ryzen 5 Hexa Core 4600H - (8 GB/1 TB HDD/256 GB SSD/Windows 10 Home/4 GB Graphic...,"₹63,990",,AMD Ryzen 5 Hexa Core Processor,3,26.0
APPLE MacBook Air Core i5 5th Gen - (8 GB/128 GB SSD/Mac OS Sierra) MQD32HN/A,"₹76,990",4.7,Intel Core i5 Processor (5th Gen),3,9.0
MSI GF63 Thin Core i7 10th Gen - (8 GB/1 TB HDD/256 GB SSD/Windows 10 Home/4 GB Graphics/NVIDIA GeForc...,"₹72,990",4.5,Intel Core i7 Processor (10th Gen),3,17.0
HP 14s Core i3 11th Gen - (8 GB/512 GB SSD/Windows 10 Home) 14s- DR2015TU Thin and Light Laptop,"₹47,990",4.3,Intel Core i3 Processor (11th Gen),3,5.0
Lenovo Ideapad S145 Core i5 10th Gen - (8 GB/1 TB HDD/Windows 10 Home) S145-15IIL Laptop,"₹42,990",3.9,Intel Core i5 Processor (10th Gen),3,35.0
HP 14s Ryzen 5 Hexa Core 5500U - (8 GB/512 GB SSD/Windows 10 Home) 14s-fq1030AU Thin and Light Laptop,"₹51,990",4.2,AMD Ryzen 5 Hexa Core Processor,3,7.0
HP Pavilion x360 Core i3 11th Gen - (8 GB/256 GB SSD/Windows 10 Home) 14-dw1036TU 2 in 1 Laptop,"₹48,990",4.4,Intel Core i3 Processor (11th Gen),3,12.0
HP 15s Core i3 11th Gen - (8 GB/1 TB HDD/Windows 10 Home) 15s-dy3001TU Thin and Light Laptop,"₹41,490",4.1,Intel Core i3 Processor (11th Gen),3,9.0
Lenovo Core i5 9th Gen - (8 GB/1 TB HDD/Windows 10 Home/3 GB Graphics/NVIDIA GeForce GTX 1050) L340-15...,"₹49,990",4.1,Intel Core i5 Processor (9th Gen),3,28.0
HP 15s Dual Core 3020e - (4 GB/1 TB HDD/Windows 10 Home) 15s-GY0003AU Thin and Light Laptop,"₹24,700",3.9,AMD Dual Core Processor,3,
HP Pavilion Core i5 11th Gen - (16 GB/512 GB SSD/Windows 10 Home) 14-dv0054TU Thin and Light Laptop,"₹66,900",4.6,Intel Core i5 Processor (11th Gen),3,7.0
HP 14s Core i3 10th Gen - (4 GB/1 TB HDD/Windows 10 Home) 14s-cf3006TU Thin and Light Laptop,"₹36,980",3.8,Intel Core i3 Processor (10th Gen),3,14.0
Lenovo IdeaPad Gaming 3 Ryzen 7 Octa Core 4800H - (8 GB/512 GB SSD/Windows 10 Home/4 GB Graphics/NVIDI...,"₹67,990",4.0,AMD Ryzen 7 Octa Core Processor,3,24.0
ASUS VivoBook Ultra 14 Core i5 11th Gen - (8 GB/512 GB SSD/Windows 10 Home/2 GB Graphics) X413EP-EB512...,"₹62,990",4.4,Intel Core i5 Processor (11th Gen),3,21.0
HP Pavilion Gaming Ryzen 5 Hexa Core 4600H - (8 GB/1 TB HDD/256 GB SSD/Windows 10 Home/4 GB Graphics/N...,"₹66,990",4.6,AMD Ryzen 5 Hexa Core Processor,3,2.0
ASUS VivoBook Ultra 14 Core i5 11th Gen - (8 GB/512 GB SSD/Windows 10 Home/2 GB Graphics) X413EP-EK513...,"₹62,990",4.8,Intel Core i5 Processor (11th Gen),3,21.0
Lenovo IdeaPad Core i3 11th Gen - (8 GB/512 GB SSD/Windows 10 Home) 14ITL6 Thin and Light Laptop,"₹61,790",,Intel Core i3 Processor (11th Gen),3,
ASUS VivoBook Ultra K14 (2021) Core i3 11th Gen - (8 GB/512 GB SSD/Windows 10 Home) K413EA-EB302TS Thi...,"₹56,990",,Intel Core i3 Processor (11th Gen),3,
Lenovo ThinkPad E15 Core i3 11th Gen - (8 GB/256 GB SSD/Windows 10 Home) E15 Laptop,"₹47,990",4.8,Intel Core i3 Processor (11th Gen),3,21.0
MSI Modern 14 Core i3 10th Gen - (8 GB/256 GB SSD/Windows 10 Home) Modern 14 B10MW-425IN Laptop,"₹36,990",4.5,Intel Core i3 Processor (10th Gen),3,31.0
ASUS ZenBook Pro Duo Core i7 9th Gen - (32 GB/1 TB SSD/Windows 10 Home/6 GB Graphics) UX581GV-HM7201T ...,"₹1,59,990",4.8,Intel Core i7 Processor (9th Gen),3,37.0
ASUS ROG Strix G15 Core i5 10th Gen - (8 GB/512 GB SSD/Windows 10 Home/4 GB Graphics/NVIDIA GeForce GT...,"₹71,990",4.6,Intel Core i5 Processor (10th Gen),4,29.0
Lenovo ThinkPad E15 Core i5 11th Gen - (8 GB/512 GB SSD/Windows 10 Home) E15 Laptop,"₹66,990",4.2,Intel Core i5 Processor (11th Gen),4,13.0
acer Aspire 3 Ryzen 3 Dual Core 3300U - (4 GB/1 TB HDD/Windows 10 Home) A315-42-R7HL Laptop,"₹29,499",4.2,AMD Ryzen 3 Dual Core Processor,4,18.0
Lenovo IdeaPad Gaming Ryzen 5 Hexa Core 4600H - (8 GB/1 TB HDD/256 GB SSD/Windows 10 Home/4 GB Graphic...,"₹63,990",,AMD Ryzen 5 Hexa Core Processor,4,26.0
DELL Latitude 3400 Core i3 8th Gen - (4 GB/1 TB HDD/Windows 10 Pro) Latitude 3400 Laptop,"₹37,490",3.9,Intel Core i3 Processor (8th Gen),4,35.0
Lenovo ThinkPad E15 Core i3 11th Gen - (4 GB/256 GB SSD/Windows 10 Home) E15 Laptop,"₹46,990",4.3,Intel Core i3 Processor (11th Gen),4,20.0
Lenovo Ideapad 3 Core i5 10th Gen - (8 GB/1 TB HDD/Windows 10 Home/2 GB Graphics) 15IML05 Laptop,"₹50,456",4.1,Intel Core i5 Processor (10th Gen),4,26.0
Lenovo Ideapad S145 Core i5 10th Gen - (8 GB/1 TB HDD/Windows 10 Home) S145-15IIL Laptop,"₹42,990",3.9,Intel Core i5 Processor (10th Gen),4,35.0
ASUS Ryzen 5 Quad Core - (8 GB/1 TB HDD/Windows 10 Home) M515DA-BQ501T Thin and Light Laptop,"₹40,590",4.8,AMD Ryzen 5 Quad Core Processor,4,20.0
ASUS ROG Strix G17 Core i7 10th Gen - (16 GB/512 GB SSD/Windows 10 Home/6 GB Graphics/NVIDIA GeForce G...,"₹1,01,990",5.0,Intel Core i7 Processor (10th Gen),4,7.0
ASUS Core i5 10th Gen - (8 GB/512 GB SSD/Windows 10 Home/2 GB Graphics) X509JB-EJ592T Laptop,"₹53,990",4.2,Intel Core i5 Processor (10th Gen),4,2.0
Lenovo Core i5 9th Gen - (8 GB/1 TB HDD/Windows 10 Home/3 GB Graphics/NVIDIA GeForce GTX 1050) L340-15...,"₹49,990",4.1,Intel Core i5 Processor (9th Gen),4,28.0
Lenovo ThinkPad E14 Core i3 10th Gen - (4 GB/256 GB SSD/DOS) E14 Thin and Light Laptop,"₹37,490",4.6,Intel Core i3 Processor (10th Gen),4,30.0
Lenovo IdeaPad Gaming 3 Ryzen 7 Octa Core 4800H - (8 GB/512 GB SSD/Windows 10 Home/4 GB Graphics/NVIDI...,"₹67,990",4.0,AMD Ryzen 7 Octa Core Processor,4,24.0
Lenovo Ideapad 3 Ryzen 3 Dual Core 3250U - (4 GB/1 TB HDD/Windows 10 Home) 15ADA05 Laptop,"₹30,990",3.8,AMD Ryzen 3 Dual Core Processor,4,9.0
Lenovo Ideapad 5 Ryzen 7 Octa Core 4700U - (8 GB/512 GB SSD/Windows 10 Home) 14ARE05 Thin and Light La...,"₹57,990",4.4,AMD Ryzen 7 Octa Core Processor,4,4.0
ASUS TUF Dash F15 (2021) Core i7 11th Gen - (16 GB/1 TB SSD/Windows 10 Home/6 GB Graphics/NVIDIA GeFor...,"₹1,28,990",5.0,Intel Core i7 Processor (11th Gen),4,8.0
APPLE MacBook Air M1 - (8 GB/512 GB SSD/Mac OS Big Sur) MGNE3HN/A,"₹1,14,990",4.8,Apple M1 Processor,4,2.0
ASUS Athlon Dual Core 3050U - (4 GB/1 TB HDD/Windows 10 Home) M515DA-EJ002TS Thin and Light Laptop,"₹27,990",3.9,AMD Athlon Dual Core Processor,4,15.0
Lenovo IdeaPad Core i3 11th Gen - (8 GB/512 GB SSD/Windows 10 Home) 14ITL6 Thin and Light Laptop,"₹61,790",,Intel Core i3 Processor (11th Gen),4,
DELL Latitude 3400 Core i5 8th Gen - (8 GB/1 TB HDD/Windows 10 Pro) Latitude 3400 Laptop,"₹59,990",4.2,Intel Core i5 Processor (8th Gen),4,23.0
ASUS ZenBook 14 Core i5 11th Gen - (8 GB/512 GB SSD/Windows 10 Home) UX425EA-BM501TS Thin and Light La...,"₹72,990",4.5,Intel Core i5 Processor (11th Gen),4,26.0
HP 15s Core i3 11th Gen - (8 GB/1 TB HDD/Windows 10 Home) 15s-du3038TU Thin and Light Laptop,"₹43,690",4.1,Intel Core i3 Processor (11th Gen),4,6.0
HP Pavilion x360 Core i3 10th Gen - (8 GB/512 GB SSD/Windows 10 Home) 14-dh1502TU 2 in 1 Laptop,"₹52,490",4.0,Intel Core i3 Processor (10th Gen),4,13.0
HP 15s Core i5 11th Gen - (8 GB/512 GB SSD/Windows 10 Home) 15s-FQ2535TU Thin and Light Laptop,"₹58,490",4.4,Intel Core i5 Processor (11th Gen),5,1.0
APPLE MacBook Air M1 - (8 GB/512 GB SSD/Mac OS Big Sur) MGN73HN/A,"₹1,14,990",4.8,Apple M1 Processor,5,2.0
HP Pavilion x360 Core i3 10th Gen - (8 GB/512 GB SSD/Windows 10 Home) 14-dh1502TU 2 in 1 Laptop,"₹52,490",4.0,Intel Core i3 Processor (10th Gen),5,13.0
Lenovo IdeaPad Gaming Ryzen 5 Hexa Core 4600H - (8 GB/1 TB HDD/256 GB SSD/Windows 10 Home/4 GB Graphic...,"₹63,990",,AMD Ryzen 5 Hexa Core Processor,5,26.0
HP Ryzen 3 Quad Core 3300U - (4 GB/1 TB HDD/Windows 10 Home) G7 245 Thin and Light Laptop,"₹28,990",3.9,AMD Ryzen 3 Quad Core Processor,5,8.0
DELL Inspiron Core i3 11th Gen - (4 GB/512 GB SSD/Windows 10 Home) Inspiron 5406 2 in 1 Laptop,"₹54,890",4.6,Intel Core i3 Processor (11th Gen),5,13.0
ASUS TUF Dash F15 (2021) Core i7 11th Gen - (16 GB/1 TB SSD/Windows 10 Home/6 GB Graphics/NVIDIA GeFor...,"₹1,28,990",5.0,Intel Core i7 Processor (11th Gen),5,8.0
Lenovo Ideapad S145 Core i5 10th Gen - (8 GB/1 TB HDD/Windows 10 Home) S145-15IIL Laptop,"₹42,990",3.9,Intel Core i5 Processor (10th Gen),5,35.0
ASUS ZenBook 14 Core i5 11th Gen - (8 GB/512 GB SSD/Windows 10 Home) UX425EA-BM501TS Thin and Light La...,"₹72,990",4.5,Intel Core i5 Processor (11th Gen),5,26.0
Lenovo IdeaPad Gaming 3 Ryzen 7 Octa Core 4800H - (8 GB/512 GB SSD/Windows 10 Home/4 GB Graphics/NVIDI...,"₹67,990",4.0,AMD Ryzen 7 Octa Core Processor,5,24.0
ASUS VivoBook Ultra 14 Core i5 11th Gen - (8 GB/512 GB SSD/Windows 10 Home) X413EA-EK511TS Thin and Li...,"₹59,990",4.6,Intel Core i5 Processor (11th Gen),5,18.0
Lenovo Core i5 9th Gen - (8 GB/1 TB HDD/Windows 10 Home/3 GB Graphics/NVIDIA GeForce GTX 1050) L340-15...,"₹49,990",4.1,Intel Core i5 Processor (9th Gen),5,28.0
ASUS VivoBook 14 Ryzen 5 Hexa Core 4500U - (8 GB/512 GB SSD/Windows 10 Home) M413IA-EK584T Thin and Li...,"₹49,990",4.4,AMD Ryzen 5 Hexa Core Processor,5,1.0
MSI Modern 14 Ryzen 5 Hexa Core 4500U - (8 GB/512 GB SSD/Windows 10 Home) Modern 14 B4MW-410IN Noteboo...,"₹51,990",4.5,AMD Ryzen 5 Hexa Core Processor,5,20.0
APPLE MacBook Pro M1 - (8 GB/256 GB SSD/Mac OS Big Sur) MYD82HN/A,"₹1,18,990",4.8,Apple M1 Processor,5,3.0
Lenovo Ideapad 5 Ryzen 7 Octa Core 4700U - (8 GB/512 GB SSD/Windows 10 Home) 14ARE05 Thin and Light La...,"₹57,990",4.4,AMD Ryzen 7 Octa Core Processor,5,4.0
HP Pavilion Laptop 15-eg Core i5 11th Gen - (16 GB/512 GB SSD/Windows 10 Home/2 GB Graphics) 15-eg0103...,"₹72,990",4.5,Intel Core i5 Processor (11th Gen),5,8.0
MSI Modern 14 Core i7 11th Gen - (8 GB/512 GB SSD/Windows 10 Home) Modern 14 B11MO-092IN Thin and Ligh...,"₹60,990",4.4,Intel Core i7 Processor (11th Gen),5,26.0
HP 14s Core i3 11th Gen - (8 GB/256 GB SSD/Windows 10 Home) 14s-dy2500TU Thin and Light Laptop,"₹41,490",4.2,Intel Core i3 Processor (11th Gen),5,4.0
Lenovo IdeaPad Core i3 11th Gen - (8 GB/512 GB SSD/Windows 10 Home) 14ITL6 Thin and Light Laptop,"₹61,790",,Intel Core i3 Processor (11th Gen),5,
ASUS TUF Gaming F15 Core i5 10th Gen - (8 GB/512 GB SSD/Windows 10 Home/4 GB Graphics/NVIDIA GeForce G...,"₹69,576",4.8,Intel Core i5 Processor (10th Gen),5,22.0
APPLE MacBook Pro with Touch Bar Core i5 8th Gen - (8 GB/256 GB SSD/Mac OS Catalina) MXK32HN/A,"₹98,990",4.6,Intel Core i5 Processor (8th Gen),5,16.0
Lenovo Ideapad S145 Core i5 10th Gen - (8 GB/1 TB HDD/Windows 10 Home) S145-15IIL Laptop,"₹42,990",4.0,Intel Core i5 Processor (10th Gen),5,31.0
Lenovo ThinkPad E14 Core i7 10th Gen - (8 GB/1 TB HDD/128 GB SSD/Windows 10 Home) E14 Thin and Light L...,"₹79,990",4.8,Intel Core i7 Processor (10th Gen),5,20.0
HP Pavilion x360 Core i3 10th Gen - (8 GB/512 GB SSD/Windows 10 Home) 14-dh1178TU 2 in 1 Laptop,"₹51,490",4.4,Intel Core i3 Processor (10th Gen),6,13.0
Lenovo Ideapad S145 Ryzen 3 Dual Core 3200U - (4 GB/1 TB HDD/Windows 10 Home) S145-15API Laptop,"₹29,990",3.9,AMD Ryzen 3 Dual Core Processor,6,13.0
ASUS ROG Strix G15 Core i7 10th Gen - (16 GB/512 GB SSD/Windows 10 Home/4 GB Graphics/NVIDIA GeForce G...,"₹86,990",,Intel Core i7 Processor (10th Gen),6,
Lenovo IdeaPad Gaming Ryzen 5 Hexa Core 4600H - (8 GB/1 TB HDD/256 GB SSD/Windows 10 Home/4 GB Graphic...,"₹63,990",,AMD Ryzen 5 Hexa Core Processor,6,26.0
Lenovo Yoga C640 Core i5 10th Gen - (8 GB/512 GB SSD/Windows 10 Home) C640-13IML 2 in 1 Laptop,"₹75,990",4.8,Intel Core i5 Processor (10th Gen),6,34.0
HP 14s Ryzen 5 Quad Core 3500U 3rd Gen - (8 GB/1 TB HDD/256 GB SSD/Windows 10 Home) 14s-dk0093AU Thin ...,"₹47,990",4.5,AMD Ryzen 5 Quad Core Processor (3rd Gen),6,9.0
DELL G7 Core i9 10th Gen - (16 GB/1 TB SSD/Windows 10 Home/8 GB Graphics/NVIDIA GeForce RTX 2070/300 H...,"₹1,79,990",5.0,Intel Core i9 Processor (10th Gen),6,20.0
Lenovo Ideapad S145 Core i5 10th Gen - (8 GB/1 TB HDD/Windows 10 Home) S145-15IIL Laptop,"₹42,990",3.9,Intel Core i5 Processor (10th Gen),6,35.0
APPLE MacBook Air Core i5 10th Gen - (8 GB/512 GB SSD/Mac OS Catalina) MVH52HN/A,"₹99,990",4.5,Intel Core i5 Processor (10th Gen),6,18.0
ASUS VivoBook Flip 14 Core i5 11th Gen - (8 GB/512 GB SSD/Windows 10 Home/4 GB Graphics) TP470EZ-EC033...,"₹73,990",3.8,Intel Core i5 Processor (11th Gen),6,12.0
APPLE MacBook Pro Core i7 9th Gen - (16 GB/512 GB SSD/Mac OS Catalina/4 GB Graphics) MVVL2HN/A,"₹1,99,900",4.4,Intel Core i7 Processor (9th Gen),6,
Lenovo Core i5 9th Gen - (8 GB/1 TB HDD/Windows 10 Home/3 GB Graphics/NVIDIA GeForce GTX 1050) L340-15...,"₹49,990",4.1,Intel Core i5 Processor (9th Gen),6,28.0
APPLE MacBook Air Core i5 10th Gen - (8 GB/512 GB SSD/Mac OS Catalina) MVH42HN/A,"₹99,990",4.5,Intel Core i5 Processor (10th Gen),6,18.0
DELL Inspiron Core i5 10th Gen - (8 GB/512 GB SSD/Windows 10 Home/2 GB Graphics) INS 5408 Thin and Lig...,"₹62,990",4.4,Intel Core i5 Processor (10th Gen),6,14.0
HP Core i3 11th Gen - (8 GB/512 GB SSD/Windows 10 Home) 15s-FR2006TU Thin and Light Laptop,"₹44,980",4.3,Intel Core i3 Processor (11th Gen),6,8.0
Lenovo Ideapad 5 Ryzen 7 Octa Core 4700U - (8 GB/512 GB SSD/Windows 10 Home) 14ARE05 Thin and Light La...,"₹57,990",4.4,AMD Ryzen 7 Octa Core Processor,6,4.0
Lenovo Ideapad S145 Ryzen 5 Quad Core 3500U - (4 GB/1 TB HDD/Windows 10 Home) S145-15API Laptop,"₹38,490",3.7,AMD Ryzen 5 Quad Core Processor,6,23.0
ASUS VivoBook S S13 Core i5 11th Gen - (8 GB/512 GB SSD/Windows 10 Home) S333EA-EG501TS Thin and Light...,"₹56,990",4.5,Intel Core i5 Processor (11th Gen),6,12.0
DELL Inspiron Core i5 11th Gen - (8 GB/1 TB HDD/256 GB SSD/Windows 10/2 GB Graphics) INSPIRON 3501 Not...,"₹68,409",,Intel Core i5 Processor (11th Gen),6,
Lenovo IdeaPad Gaming 3 Ryzen 7 Octa Core 4800H - (8 GB/512 GB SSD/Windows 10 Home/4 GB Graphics/NVIDI...,"₹67,990",4.0,AMD Ryzen 7 Octa Core Processor,6,24.0
APPLE MacBook Pro Core i7 9th Gen - (16 GB/512 GB SSD/Mac OS Catalina/4 GB Graphics) MVVJ2HN/A,"₹1,95,843",4.7,Intel Core i7 Processor (9th Gen),6,2.0
ALIENWARE Core i7 9th Gen - (16 GB/1 TB HDD/1 TB SSD/Windows 10 Home/8 GB Graphics) Area-51m Laptop,"₹2,09,990",,Intel Core i7 Processor (9th Gen),6,35.0
ASUS ZenBook Duo Core i5 10th Gen - (8 GB/512 GB SSD/Windows 10 Home/2 GB Graphics) UX481FL-HJ551TS Th...,"₹86,990",,Intel Core i5 Processor (10th Gen),6,22.0
Lenovo IdeaPad Core i3 11th Gen - (8 GB/512 GB SSD/Windows 10 Home) 14ITL6 Thin and Light Laptop,"₹61,790",,Intel Core i3 Processor (11th Gen),6,
APPLE MacBook Pro Core i9 9th Gen - (16 GB/1 TB SSD/Mac OS Catalina/4 GB Graphics) MVVM2HN/A,"₹2,24,990",4.2,Intel Core i9 Processor (9th Gen),7,6.0
Lenovo Ideapad 3 Ryzen 3 Dual Core 3250U - (4 GB/1 TB HDD/Windows 10 Home) 15ADA05 Laptop,"₹30,990",3.7,AMD Ryzen 3 Dual Core Processor,7,16.0
acer One 14 Pentium Gold - (4 GB/1 TB HDD/Windows 10 Home) Z2-485 Thin and Light Laptop,"₹23,990",4.0,Intel Pentium Gold Processor,7,36.0
Lenovo IdeaPad Gaming Ryzen 5 Hexa Core 4600H - (8 GB/1 TB HDD/256 GB SSD/Windows 10 Home/4 GB Graphic...,"₹63,990",,AMD Ryzen 5 Hexa Core Processor,7,26.0
APPLE MacBook Pro M1 - (8 GB/512 GB SSD/Mac OS Big Sur) MYDC2HN/A,"₹1,39,990",4.8,Apple M1 Processor,7,2.0
ASUS ROG Strix G15 (2020) Core i7 10th Gen - (16 GB/1 TB SSD/Windows 10 Home/4 GB Graphics/NVIDIA GeFo...,"₹92,990",5.0,Intel Core i7 Processor (10th Gen),7,20.0
HP Core i5 11th Gen - (8 GB + 32 GB Optane/512 GB SSD/Windows 10 Home) 15s-FQ2071TU Thin and Light Lap...,"₹55,490",,Intel Core i5 Processor (11th Gen),7,6.0
Lenovo Ideapad S145 Core i5 10th Gen - (8 GB/1 TB HDD/Windows 10 Home) S145-15IIL Laptop,"₹42,990",3.9,Intel Core i5 Processor (10th Gen),7,35.0
ASUS ROG Strix G15 Ryzen 5 Hexa Core 5600H - (16 GB/512 GB SSD/Windows 10 Home/4 GB Graphics/NVIDIA Ge...,"₹92,990",5.0,AMD Ryzen 5 Hexa Core Processor,7,16.0
HP Core i3 11th Gen - (8 GB/256 GB SSD/Windows 10 Home) 15s-FQ2075TU Thin and Light Laptop,"₹42,890",4.3,Intel Core i3 Processor (11th Gen),7,4.0
MSI GF65 Thin Core i5 9th Gen - (16 GB/512 GB SSD/Windows 10 Home/6 GB Graphics/NVIDIA GeForce GTX 166...,"₹71,990",4.6,Intel Core i5 Processor (9th Gen),7,28.0
Lenovo Core i5 9th Gen - (8 GB/1 TB HDD/Windows 10 Home/3 GB Graphics/NVIDIA GeForce GTX 1050) L340-15...,"₹49,990",4.1,Intel Core i5 Processor (9th Gen),7,28.0
Lenovo IdeaPad Gaming 3 Core i5 10th Gen - (8 GB/1 TB HDD/256 GB SSD/Windows 10 Home/4 GB Graphics/NVI...,"₹64,990",,Intel Core i5 Processor (10th Gen),7,6.0
HP 15s Ryzen 3 Dual Core 3250U - (4 GB/1 TB HDD/Windows 10 Home) 15s-GR0006AU Thin and Light Laptop,"₹33,990",3.9,AMD Ryzen 3 Dual Core Processor,7,1.0
HP G Series Core i3 10th Gen - (4 GB/512 GB SSD/Windows 10 Home) 250 G8 Thin and Light Laptop,"₹39,990",,Intel Core i3 Processor (10th Gen),7,9.0
Lenovo Ideapad 5 Ryzen 7 Octa Core 4700U - (8 GB/512 GB SSD/Windows 10 Home) 14ARE05 Thin and Light La...,"₹57,990",4.4,AMD Ryzen 7 Octa Core Processor,7,4.0
ASUS VivoBook Ultra 14 Core i5 11th Gen - (8 GB/512 GB SSD/Windows 10 Home/2 GB Graphics) X413EP-EK511...,"₹62,990",4.8,Intel Core i5 Processor (11th Gen),7,21.0
ASUS VivoBook 14 Ryzen 7 Octa Core 4700U - (8 GB/512 GB SSD/Windows 10 Home) M413IA-EK586T Thin and Li...,"₹59,990",4.4,AMD Ryzen 7 Octa Core Processor,7,13.0
acer Predator Core i7 10th Gen - (16 GB/1 TB SSD/Windows 10 Home/8 GB Graphics/NVIDIA GeForce RTX 3070...,"₹1,54,990",,Intel Core i7 Processor (10th Gen),7,29.0
Lenovo IdeaPad Gaming 3 Ryzen 7 Octa Core 4800H - (8 GB/512 GB SSD/Windows 10 Home/4 GB Graphics/NVIDI...,"₹67,990",4.0,AMD Ryzen 7 Octa Core Processor,7,24.0
HP Pavilion x360 Core i5 11th Gen - (8 GB/512 GB SSD/Windows 10 Home) 14-dw1038TU 2 in 1 Laptop,"₹70,990",4.4,Intel Core i5 Processor (11th Gen),7,6.0
DELL Vostro 3405 Ryzen 5 Quad Core 3450U - (8 GB/256 GB SSD/Windows 10 Home) Vostro 3405 Thin and Ligh...,"₹42,890",4.2,AMD Ryzen 5 Quad Core Processor,7,5.0
ASUS ROG Flow X13 Ryzen 7 Octa Core 5800HS - (16 GB/1 TB SSD/Windows 10 Home/4 GB Graphics/NVIDIA GeFo...,"₹1,24,990",5.0,AMD Ryzen 7 Octa Core Processor,7,23.0
Lenovo IdeaPad Core i3 11th Gen - (8 GB/512 GB SSD/Windows 10 Home) 14ITL6 Thin and Light Laptop,"₹61,790",,Intel Core i3 Processor (11th Gen),7,
ASUS ROG Strix Scar 17 Core i9 10th Gen - (32 GB/2 TB SSD/Windows 10 Home/8 GB Graphics/NVIDIA GeForce...,"₹2,69,990",,Intel Core i9 Processor (10th Gen),8,9.0
acer Aspire 7 Core i5 10th Gen - (8 GB/512 GB SSD/Windows 10 Home/4 GB Graphics/NVIDIA GeForce GTX 165...,"₹59,990",,Intel Core i5 Processor (10th Gen),8,33.0
HP Spectre x360 Core i7 10th Gen - (16 GB/512 GB SSD/Windows 10 Pro) 13-aw0205tu 2 in 1 Laptop,"₹1,62,990",3.3,Intel Core i7 Processor (10th Gen),8,15.0
Lenovo IdeaPad Gaming Ryzen 5 Hexa Core 4600H - (8 GB/1 TB HDD/256 GB SSD/Windows 10 Home/4 GB Graphic...,"₹63,990",,AMD Ryzen 5 Hexa Core Processor,8,26.0
Lenovo Ideapad Flex 5 Core i3 11th Gen - (8 GB/256 GB SSD/Windows 10 Home) 5 14ITL05 2 in 1 Laptop,"₹52,990",4.5,Intel Core i3 Processor (11th Gen),8,23.0
APPLE MacBook Pro with Touch Bar Core i5 10th Gen - (16 GB/512 GB SSD/Mac OS Catalina) MWP72HN/A,"₹1,69,990",4.5,Intel Core i5 Processor (10th Gen),8,2.0
DELL Inspiron Core i3 11th Gen - (4 GB/256 GB SSD/Windows 10 Home) Inspiron 14-5406-14 2 in 1 Laptop,"₹51,490",3.5,Intel Core i3 Processor (11th Gen),8,5.0
Lenovo Ideapad S145 Core i5 10th Gen - (8 GB/1 TB HDD/Windows 10 Home) S145-15IIL Laptop,"₹42,990",3.9,Intel Core i5 Processor (10th Gen),8,35.0
ASUS Core i3 11th Gen - (8 GB/256 GB SSD/Windows 10 Home) X515EA-EJ312TS Thin and Light Laptop,"₹41,590",4.2,Intel Core i3 Processor (11th Gen),8,7.0
lenovo Yoga 7 Core i7 11th Gen Intel EVO - (16 GB/512 GB SSD/Windows 10 Home) 14ITL5 2 in 1 Laptop,"₹97,990",4.9,Intel Evo platform feat 11th Gen Intel Core i7 processor,8,29.0
DELL G5 15 SE Ryzen 5 Hexa Core 4600H - (8 GB/512 GB SSD/Windows 10 Home/6 GB Graphics/AMD Radeon RX 5...,"₹75,990",4.4,AMD Ryzen 5 Hexa Core Processor,8,6.0
Lenovo Core i5 9th Gen - (8 GB/1 TB HDD/Windows 10 Home/3 GB Graphics/NVIDIA GeForce GTX 1050) L340-15...,"₹49,990",4.1,Intel Core i5 Processor (9th Gen),8,28.0
HP 15 Ryzen 3 Dual Core 3200U - (4 GB/1 TB HDD/Windows 10 Home) 15-db 1059AU Laptop,"₹31,490",4.0,AMD Ryzen 3 Dual Core Processor,8,5.0
acer Travelmate P2 Core i5 11th Gen - (16 GB/512 GB SSD/Windows 10 Home) P215-53 Laptop,"₹54,990",4.5,Intel Core i5 Processor (11th Gen),8,27.0
Lenovo Ideapad Flex 5 Core i3 10th Gen - (4 GB/256 GB SSD/Windows 10 Home) 14IIL05 2 in 1 Laptop,"₹49,949",4.4,Intel Core i3 Processor (10th Gen),8,23.0
Lenovo Ideapad 5 Ryzen 7 Octa Core 4700U - (8 GB/512 GB SSD/Windows 10 Home) 14ARE05 Thin and Light La...,"₹57,990",4.4,AMD Ryzen 7 Octa Core Processor,8,4.0
acer Swift 5 Core i7 11th Gen Intel EVO - (16 GB/1 TB SSD/Windows 10 Home) SF514-55TA-72VG Thin and Li...,"₹97,999",4.6,Intel Evo platform feat 11th Gen Intel Core i7 processor,8,21.0
acer Aspire 5 Core i3 10th Gen - (4 GB + 32 GB Optane/512 GB SSD/Windows 10 Home) A514-53-316M Thin an...,"₹39,999",4.3,Intel Core i3 Processor (10th Gen),8,28.0
ASUS VivoBook Ultra 14 Core i5 11th Gen - (8 GB/512 GB SSD/Windows 10 Home) X413EA-EB511TS Thin and Li...,"₹59,990",4.5,Intel Core i5 Processor (11th Gen),8,18.0
Lenovo IdeaPad Gaming 3 Ryzen 7 Octa Core 4800H - (8 GB/512 GB SSD/Windows 10 Home/4 GB Graphics/NVIDI...,"₹67,990",4.0,AMD Ryzen 7 Octa Core Processor,8,24.0
ASUS VivoBook Ultra 14 Core i5 11th Gen - (8 GB/512 GB SSD/Windows 10 Home) X413EA-EB513TS Thin and Li...,"₹59,990",4.5,Intel Core i5 Processor (11th Gen),8,18.0
ASUS VivoBook Ultra 14 Core i5 10th Gen - (8 GB/1 TB SSD/Windows 10 Home) X413JA-EK277TS Thin and Ligh...,"₹58,990",4.5,Intel Core i5 Processor (10th Gen),8,
ASUS ROG Flow X13 Ryzen 9 Octa Core 5900HS - (32 GB/1 TB SSD/Windows 10 Home/4 GB Graphics/NVIDIA GeFo...,"₹1,54,990",3.3,AMD Ryzen 9 Octa Core Processor,8,20.0
Lenovo IdeaPad Core i3 11th Gen - (8 GB/512 GB SSD/Windows 10 Home) 14ITL6 Thin and Light Laptop,"₹61,790",,Intel Core i3 Processor (11th Gen),8,
MSI GF63 Thin Core i5 9th Gen - (8 GB/512 GB SSD/Windows 10 Home/4 GB Graphics/NVIDIA GeForce GTX 1650...,"₹54,990",4.5,Intel Core i5 Processor (9th Gen),9,42.0
MSI Modern 14 Core i7 10th Gen - (8 GB/512 GB SSD/Windows 10 Home/2 GB Graphics) Modern 14 A10RAS-1069...,"₹79,990",4.9,Intel Core i7 Processor (10th Gen),9,5.0
LG Gram 15 Core i5 10th Gen - (8 GB/256 GB SSD/Windows 10 Home) Gram 15Z90N Laptop,"₹72,990",4.7,Intel Core i5 Processor (10th Gen),9,29.0
Lenovo IdeaPad Gaming Ryzen 5 Hexa Core 4600H - (8 GB/1 TB HDD/256 GB SSD/Windows 10 Home/4 GB Graphic...,"₹63,990",,AMD Ryzen 5 Hexa Core Processor,9,26.0
DELL Latitude 5300 Core i5 8th Gen - (8 GB/256 GB SSD/Windows 10 Pro) Latitude 5300 Laptop,"₹59,990",3.6,Intel Core i5 Processor (8th Gen),9,19.0
APPLE MacBook Air Core i3 10th Gen - (8 GB/256 GB SSD/Mac OS Catalina) MWTL2HN/A,"₹83,990",4.6,Intel Core i3 Processor (10th Gen),9,9.0
DELL Inspiron 3505 Ryzen 7 Quad Core 3700U - (8 GB/512 GB SSD/Windows 10 Home) Inspiron 3505 Laptop,"₹60,990",4.4,AMD Ryzen 7 Quad Core Processor,9,4.0
Lenovo Ideapad S145 Core i5 10th Gen - (8 GB/1 TB HDD/Windows 10 Home) S145-15IIL Laptop,"₹42,990",3.9,Intel Core i5 Processor (10th Gen),9,35.0
MICROSOFT Surface Pro 7 Core i5 10th Gen - (8 GB/256 GB SSD/Windows 10 Home) 1866 2 in 1 Laptop,"₹99,990",4.3,Intel Core i5 Processor (10th Gen),9,17.0
ASUS VivoBook Flip 14 Core i3 10th Gen - (4 GB/512 GB SSD/Windows 10 Home) TP412FA-EC372TS 2 in 1 Lapt...,"₹50,450",4.3,Intel Core i3 Processor (10th Gen),9,15.0
APPLE MacBook Pro M1 - (8 GB/512 GB SSD/Mac OS Big Sur) MYD92HN/A,"₹1,39,990",4.8,Apple M1 Processor,9,2.0
Lenovo Core i5 9th Gen - (8 GB/1 TB HDD/Windows 10 Home/3 GB Graphics/NVIDIA GeForce GTX 1050) L340-15...,"₹49,990",4.1,Intel Core i5 Processor (9th Gen),9,28.0
Lenovo Ideapad Slim 5i Core i5 11th Gen - (8 GB/512 GB SSD/Windows 10 Home) 14ITL05 Thin and Light Lap...,"₹58,990",4.4,Intel Core i5 Processor (11th Gen),9,30.0
ASUS VivoBook Ultra 14 Core i5 11th Gen - (8 GB/512 GB SSD/Windows 10 Home) X413EA-EB513TS Thin and Li...,"₹59,990",4.5,Intel Core i5 Processor (11th Gen),9,18.0
ASUS ZenBook 14 Core i7 11th Gen - (16 GB/512 GB SSD/Windows 10 Home) UX425EA-BM701TS Thin and Light L...,"₹95,990",4.5,Intel Core i7 Processor (11th Gen),9,19.0
Lenovo Ideapad 5 Ryzen 7 Octa Core 4700U - (8 GB/512 GB SSD/Windows 10 Home) 14ARE05 Thin and Light La...,"₹57,990",4.4,AMD Ryzen 7 Octa Core Processor,9,4.0
HP Pavilion Core i5 11th Gen - (16 GB/512 GB SSD/Windows 10 Home) 14-dv0053TU Thin and Light Laptop,"₹68,990",,Intel Core i5 Processor (11th Gen),9,4.0
DELL XPS 13 Core i7 8th Gen - (16 GB/512 GB SSD/Windows 10 Home) 9370 Thin and Light Laptop,"₹1,14,990",,Intel Core i7 Processor (8th Gen),9,17.0
LG Gram 14 Core i5 10th Gen - (8 GB/256 GB SSD/Windows 10 Home) Gram 14Z90N Laptop,"₹62,990",4.5,Intel Core i5 Processor (10th Gen),9,36.0
Lenovo IdeaPad Gaming 3 Ryzen 7 Octa Core 4800H - (8 GB/512 GB SSD/Windows 10 Home/4 GB Graphics/NVIDI...,"₹67,990",4.0,AMD Ryzen 7 Octa Core Processor,9,24.0
HP 14s Core i5 10th Gen - (8 GB/1 TB HDD/256 GB SSD/Windows 10 Home) 14S-ER0003TU Thin and Light Lapto...,"₹65,999",4.4,Intel Core i5 Processor (10th Gen),9,7.0
MSI GF63 Thin Core i7 9th Gen - (8 GB/512 GB SSD/Windows 10 Home/4 GB Graphics/NVIDIA GeForce GTX 1650...,"₹66,990",4.5,Intel Core i7 Processor (9th Gen),9,36.0
acer ConceptD 5 Core i5 8th Gen - (8 GB/512 GB SSD/Windows 10 Home/4 GB Graphics) CN515-51 Thin and Li...,"₹99,500",,Intel Core i5 Processor (8th Gen),9,17.0
Lenovo IdeaPad Core i3 11th Gen - (8 GB/512 GB SSD/Windows 10 Home) 14ITL6 Thin and Light Laptop,"₹61,790",,Intel Core i3 Processor (11th Gen),9,
ASUS ExpertBook P1 Core i5 10th Gen - (8 GB/1 TB HDD/Windows 10 Pro) ExpertBook P1 P1440FA Thin and Li...,"₹62,699",,Intel Core i5 Processor (10th Gen),10,11.0
ASUS Core i5 10th Gen - (4 GB/1 TB HDD/Windows 10 Home) X515JA-EJ502TS Thin and Light Laptop,"₹46,590",,Intel Core i5 Processor (10th Gen),10,19.0
Lenovo Ideapad Slim 3i Core i3 10th Gen - (4 GB/1 TB HDD/Windows 10 Home) 15IIL05 Laptop,"₹34,990",3.7,Intel Core i3 Processor (10th Gen),10,20.0
Lenovo IdeaPad Gaming Ryzen 5 Hexa Core 4600H - (8 GB/1 TB HDD/256 GB SSD/Windows 10 Home/4 GB Graphic...,"₹63,990",,AMD Ryzen 5 Hexa Core Processor,10,26.0
ASUS ZenBook 14 Core i5 11th Gen - (8 GB/512 GB SSD/Windows 10 Home/2 GB Graphics) UX435EG-AI501TS Thi...,"₹99,990",,Intel Core i5 Processor (11th Gen),10,9.0
Lenovo Ryzen 3 Dual Core 3250U - (4 GB/1 TB HDD/DOS) 82C6000KIH Notebook,"₹26,990",3.8,AMD Ryzen 3 Dual Core Processor,10,25.0
ASUS VivoBook S S14 Core i5 11th Gen - (8 GB + 32 GB Optane/512 GB SSD/Windows 10 Home) S433EA-AM501TS...,"₹62,990",5.0,Intel Core i5 Processor (11th Gen),10,23.0
Lenovo Ideapad S145 Core i5 10th Gen - (8 GB/1 TB HDD/Windows 10 Home) S145-15IIL Laptop,"₹42,990",3.9,Intel Core i5 Processor (10th Gen),10,35.0
ASUS VivoBook Ultra 14 Core i3 11th Gen - (4 GB/256 GB SSD/Windows 10 Home) X413EA-EK302TS Thin and Li...,"₹44,990",4.4,Intel Core i3 Processor (11th Gen),10,10.0
ASUS ZenBook Classic Core i5 10th Gen - (8 GB/512 GB SSD/Windows 10 Home) UX333FA-A5822TS Thin and Lig...,"₹64,990",,Intel Core i5 Processor (10th Gen),10,34.0
MSI GF65 Thin Core i5 10th Gen - (16 GB/512 GB SSD/Windows 10 Home/6 GB Graphics/NVIDIA GeForce GTX 16...,"₹74,990",4.8,Intel Core i5 Processor (10th Gen),10,25.0
Lenovo Core i5 9th Gen - (8 GB/1 TB HDD/Windows 10 Home/3 GB Graphics/NVIDIA GeForce GTX 1050) L340-15...,"₹49,990",4.1,Intel Core i5 Processor (9th Gen),10,28.0
Lenovo Ideapad 3 Core i5 10th Gen - (8 GB/1 TB HDD/Windows 10 Home) 15IIL05 Laptop,"₹49,980",4.0,Intel Core i5 Processor (10th Gen),10,22.0
DELL Inspiron Core i5 11th Gen - (4 GB/1 TB HDD/256 GB SSD/Windows 10 Home) Inspiron 3501 Laptop,"₹56,949",4.2,Intel Core i5 Processor (11th Gen),10,
HP Envy Core i7 10th Gen - (16 GB/1 TB SSD/Windows 10 Home/6 GB Graphics) 15-ep0123TX Laptop,"₹1,43,990",4.2,Intel Core i7 Processor (10th Gen),10,16.0
Lenovo Ideapad 5 Ryzen 7 Octa Core 4700U - (8 GB/512 GB SSD/Windows 10 Home) 14ARE05 Thin and Light La...,"₹57,990",4.4,AMD Ryzen 7 Octa Core Processor,10,4.0
MICROSOFT Surface Laptop 3 Ryzen 5 Quad Core 3580U - (8 GB/128 GB SSD/Windows 10 Home) 1873 Laptop,"₹99,990",4.7,AMD Ryzen 5 Quad Core Processor,10,20.0
DELL XPS Core i7 10th Gen - (16 GB/512 GB SSD/Windows 10 Home/4 GB Graphics) XPS 9500 Laptop,"₹2,02,740",,Intel Core i7 Processor (10th Gen),10,8.0
ALIENWARE Core i7 10th Gen - (16 GB/1 TB SSD/Windows 10 Home/8 GB Graphics/NVIDIA GeForce RTX 2070) m1...,"₹2,43,990",4.0,Intel Core i7 Processor (10th Gen),10,16.0
Lenovo IdeaPad Gaming 3 Ryzen 7 Octa Core 4800H - (8 GB/512 GB SSD/Windows 10 Home/4 GB Graphics/NVIDI...,"₹67,990",4.0,AMD Ryzen 7 Octa Core Processor,10,24.0
MSI GF65 Thin Core i7 10th Gen - (16 GB/512 GB SSD/Windows 10 Home/6 GB Graphics/NVIDIA GeForce RTX 20...,"₹99,990",4.6,Intel Core i7 Processor (10th Gen),10,2.0
APPLE MacBook Pro with Touch Bar Core i5 10th Gen - (16 GB/1 TB SSD/Mac OS Catalina) MWP82HN/A,"₹1,74,900",4.7,Intel Core i5 Processor (10th Gen),10,
DELL Inspiron Core i5 11th Gen - (8 GB/512 GB SSD/Windows 10 Home/2 GB Graphics) Inspiron 7400 Thin an...,"₹95,825",,Intel Core i5 Processor (11th Gen),10,8.0
Lenovo IdeaPad Core i3 11th Gen - (8 GB/512 GB SSD/Windows 10 Home) 14ITL6 Thin and Light Laptop,"₹61,790",,Intel Core i3 Processor (11th Gen),10,
ASUS Ryzen 5 Quad Core 3500U - (8 GB/1 TB HDD/Windows 10 Home) M515DA-BQ502TS Thin and Light Laptop,"₹41,990",3.8,AMD Ryzen 5 Quad Core Processor,11,20.0
ASUS Core i7 10th Gen - (32 GB/1 TB SSD/Windows 10 Home/6 GB Graphics/NVIDIA GeForce RTX 2060) UX581LV...,"₹2,24,990",,Intel Core i7 Processor (10th Gen),11,17.0
DELL Inspiron Core i5 11th Gen - (4 GB/1 TB HDD/256 GB SSD/Windows 10) Inspiron 3501 Notebook,"₹56,899",,Intel Core i5 Processor (11th Gen),11,2.0
Lenovo IdeaPad Gaming Ryzen 5 Hexa Core 4600H - (8 GB/1 TB HDD/256 GB SSD/Windows 10 Home/4 GB Graphic...,"₹63,990",,AMD Ryzen 5 Hexa Core Processor,11,26.0
ALIENWARE Core i7 10th Gen - (16 GB/1 TB SSD/Windows 10 Home/8 GB Graphics/NVIDIA GeForce RTX 2070) m1...,"₹2,43,990",4.0,Intel Core i7 Processor (10th Gen),11,16.0
MSI GF65 Thin Core i7 10th Gen - (16 GB/512 GB SSD/Windows 10 Home/6 GB Graphics/NVIDIA GeForce RTX 20...,"₹99,990",4.6,Intel Core i7 Processor (10th Gen),11,2.0
Lenovo Ideapad 720S Core i5 8th Gen - (8 GB/512 GB SSD/Windows 10 Home) 720S-13IKB Thin and Light Lapt...,"₹74,990",4.5,Intel Core i5 Processor (8th Gen),11,10.0
Lenovo Ideapad S145 Core i5 10th Gen - (8 GB/1 TB HDD/Windows 10 Home) S145-15IIL Laptop,"₹42,990",3.9,Intel Core i5 Processor (10th Gen),11,35.0
APPLE MacBook Air Core i5 10th Gen - (8 GB/512 GB SSD/Mac OS Catalina) MVH22HN/A,"₹1,09,990",4.5,Intel Core i5 Processor (10th Gen),11,10.0
ASUS vivobook Flip 14 Core i3 11th Gen - (8 GB/256 GB SSD/Windows 10 Home) TP470EA-EC301TS 2 in 1 Lapt...,"₹49,990",4.1,Intel Core i3 Processor (11th Gen),11,23.0
ASUS Ryzen 5 Quad Core - (4 GB/256 GB SSD/Windows 10 Home) M515DA-BQ522TS Thin and Light Laptop,"₹41,790",,AMD Ryzen 5 Quad Core Processor,11,18.0
Lenovo Ideapad 5 Ryzen 7 Octa Core 4700U - (8 GB/512 GB SSD/Windows 10 Home) 14ARE05 Thin and Light La...,"₹57,990",4.4,AMD Ryzen 7 Octa Core Processor,11,4.0
Nokia PureBook X14 Core i5 10th Gen - (8 GB/512 GB SSD/Windows 10 Home) NKi510UL85S Thin and Light Lap...,"₹57,990",4.5,Intel Core i5 Processor (10th Gen),11,35.0
Lenovo ThinkPad x390 Core i7 10th Gen - (8 GB/512 GB SSD/Windows 10 Pro) ThinkPad X390 Thin and Light ...,"₹1,29,803",,Intel Core i7 Processor (10th Gen),11,16.0
Lenovo Legion 5 Core i5 10th Gen - (8 GB/1 TB HDD/256 GB SSD/Windows 10 Home/4 GB Graphics/NVIDIA GeFo...,"₹72,990",4.4,Intel Core i5 Processor (10th Gen),11,35.0
Lenovo IdeaPad Gaming 3 Ryzen 7 Octa Core 4800H - (8 GB/512 GB SSD/Windows 10 Home/4 GB Graphics/NVIDI...,"₹67,990",4.0,AMD Ryzen 7 Octa Core Processor,11,24.0
HP Core i7 10th Gen - (16 GB + 32 GB Optane/512 GB SSD/Windows 10 Home/6 GB Graphics/NVIDIA GeForce RT...,"₹1,34,999",,Intel Core i7 Processor (10th Gen),11,3.0
MSI GE66 Raider Core i7 10th Gen - (32 GB/1 TB SSD/Windows 10 Home/8 GB Graphics/NVIDIA GeForce RTX 20...,"₹1,94,990",5.0,Intel Core i7 Processor (10th Gen),11,4.0
ASUS VivoBook Flip 14 Core i3 10th Gen - (4 GB/512 GB SSD/Windows 10 Home) TP412FA-EC371TS 2 in 1 Lapt...,"₹46,990",4.3,Intel Core i3 Processor (10th Gen),11,24.0
Lenovo IdeaPad Core i3 11th Gen - (8 GB/512 GB SSD/Windows 10 Home) 14ITL6 Thin and Light Laptop,"₹61,790",,Intel Core i3 Processor (11th Gen),11,
acer Predator Helios 300 Core i7 10th Gen - (16 GB/1 TB HDD/256 GB SSD/Windows 10 Home/6 GB Graphics/N...,"₹1,16,990",4.6,Intel Core i7 Processor (10th Gen),11,22.0
APPLE MacBook Pro with Touch Bar Core i5 10th Gen - (16 GB/1 TB SSD/Mac OS Catalina) MWP82HN/A,"₹1,74,900",4.7,Intel Core i5 Processor (10th Gen),11,
Lenovo Ideapad Gaming 3 Ryzen 7 Octa Core 4800H - (8 GB/1 TB HDD/256 GB SSD/Windows 10 Home/4 GB Graph...,"₹69,990",4.4,AMD Ryzen 7 Octa Core Processor,11,28.0
Lenovo Core i5 9th Gen - (8 GB/1 TB HDD/Windows 10 Home/3 GB Graphics/NVIDIA GeForce GTX 1050) L340-15...,"₹49,990",4.1,Intel Core i5 Processor (9th Gen),11,28.0
DELL XPS 7390 Core i5 10th Gen - (8 GB/512 GB SSD/Windows 10 Home) XPS 7390 Thin and Light Laptop,"₹1,03,008",,Intel Core i5 Processor (10th Gen),12,10.0
HP Pavilion Gaming Ryzen 5 Quad Core 3550H - (8 GB/1 TB HDD/Windows 10 Home/4 GB Graphics/NVIDIA GeFor...,"₹54,990",4.1,AMD Ryzen 5 Quad Core Processor,12,12.0
Lenovo Ideapad 3 Core i5 10th Gen - (4 GB/1 TB HDD/Windows 10 Home) 15IIL05 Laptop,"₹45,790",3.6,Intel Core i5 Processor (10th Gen),12,25.0
Lenovo IdeaPad Gaming Ryzen 5 Hexa Core 4600H - (8 GB/1 TB HDD/256 GB SSD/Windows 10 Home/4 GB Graphic...,"₹63,990",,AMD Ryzen 5 Hexa Core Processor,12,26.0
DELL Inspiron Core i7 10th Gen - (16 GB/512 GB SSD/Windows 10 Home) Inspiron 7391 Thin and Light Lapto...,"₹1,21,223",,Intel Core i7 Processor (10th Gen),12,
ASUS ExpertBook B9 Core i7 10th Gen - (16 GB/1 TB SSD/Windows 10 Home) ExpertBook B9 B9450FA Thin and ...,"₹1,54,990",5.0,Intel Core i7 Processor (10th Gen),12,10.0
Lenovo Ideapad Gaming 3 Core i5 10th Gen - (8 GB/512 GB SSD/Windows 10 Home/4 GB Graphics/NVIDIA GeFor...,"₹68,299",,Intel Core i5 Processor (10th Gen),12,38.0
Lenovo Ideapad S145 Core i5 10th Gen - (8 GB/1 TB HDD/Windows 10 Home) S145-15IIL Laptop,"₹42,990",3.9,Intel Core i5 Processor (10th Gen),12,35.0
ASUS ROG Strix Edition Core i7 7th Gen - (16 GB/1 TB HDD/128 GB SSD/Windows 10 Home/6 GB Graphics/NVID...,"₹1,39,990",5.0,"Pre-installed Genuine Windows 10 Operating System (Includes Built-in Security, Free Automated Updates, Latest Features)",12,
ASUS Ryzen 5 Quad Core - (4 GB/512 GB SSD/Windows 10 Home) M515DA-BQ511T Thin and Light Laptop,"₹43,890",,AMD Ryzen 5 Quad Core Processor,12,20.0
APPLE MacBook Air Core i5 10th Gen - (8 GB/256 GB SSD/Mac OS Catalina) Z0YJ001KD,"₹92,990",4.5,Intel Core i5 Processor (10th Gen),12,9.0
Lenovo Core i5 9th Gen - (8 GB/1 TB HDD/Windows 10 Home/3 GB Graphics/NVIDIA GeForce GTX 1050) L340-15...,"₹49,990",4.1,Intel Core i5 Processor (9th Gen),12,28.0
HP 14s Core i7 10th Gen - (8 GB/512 GB SSD/Windows 10 Home) 14s-DR1010TU Thin and Light Laptop,"₹72,990",4.6,Intel Core i7 Processor (10th Gen),12,9.0
Lenovo Yoga Slim 7 Core i5 10th Gen - (8 GB/512 GB SSD/Windows 10 Home/2 GB Graphics) 14IIL05 Thin and...,"₹74,990",4.1,Intel Core i5 Processor (10th Gen),12,33.0
DELL Inspiron Core i5 11th Gen - (8 GB/512 GB SSD/Windows 10 Home/2 GB Graphics) Inspiron 5409 Thin an...,"₹65,471",4.3,Intel Core i5 Processor (11th Gen),12,1.0
Lenovo Ideapad 5 Ryzen 7 Octa Core 4700U - (8 GB/512 GB SSD/Windows 10 Home) 14ARE05 Thin and Light La...,"₹57,990",4.4,AMD Ryzen 7 Octa Core Processor,12,4.0
DELL Inspiron Ryzen 5 Quad Core 3500U - (8 GB/512 GB SSD/Windows 10) INSPIRON 3505 Notebook,"₹55,371",,AMD Ryzen 5 Quad Core Processor,12,10.0
ASUS VivoBook 15 Core i3 7th Gen - (4 GB/1 TB HDD/Windows 10 Home) X543UA-DM341T Laptop,"₹30,990",4.0,Intel Core i3 Processor (7th Gen),12,20.0
acer Predator Helios 300 Core i7 10th Gen - (16 GB/1 TB HDD/256 GB SSD/Windows 10 Home/6 GB Graphics/N...,"₹1,26,500",4.6,Intel Core i7 Processor (10th Gen),12,15.0
Lenovo IdeaPad Gaming 3 Ryzen 7 Octa Core 4800H - (8 GB/512 GB SSD/Windows 10 Home/4 GB Graphics/NVIDI...,"₹67,990",4.0,AMD Ryzen 7 Octa Core Processor,12,24.0
MSI Modern 14 Core i3 10th Gen - (8 GB/256 GB SSD/Windows 10 Home) Modern 14 B10MW-426IN Laptop,"₹39,990",4.5,Intel Core i3 Processor (10th Gen),12,25.0
ASUS VivoBook Gaming (2020) Core i7 10th Gen - (8 GB/1 TB HDD/256 GB SSD/Windows 10 Home/4 GB Graphics...,"₹69,990",4.3,Intel Core i7 Processor (10th Gen),12,30.0
Lenovo Ideapad Flex 5 Core i3 10th Gen - (4 GB/256 GB SSD/Windows 10 Home) 14IIL05 2 in 1 Laptop,"₹51,990",4.4,Intel Core i3 Processor (10th Gen),12,19.0
Lenovo IdeaPad Core i3 11th Gen - (8 GB/512 GB SSD/Windows 10 Home) 14ITL6 Thin and Light Laptop,"₹61,790",,Intel Core i3 Processor (11th Gen),12,
Lenovo B50-70 Notebook (4th Gen Ci5/ 8GB/ 1TB/ Win8/ 2GB Graph) (59-427747),"₹52,490",3.8,Intel Core i5 Processor (4th Gen),13,
Avita Cosmos 2 in 1 Celeron Dual Core - (4 GB/64 GB EMMC Storage/Windows 10 Home) NS12T5IN025P 2 in 1 ...,"₹17,990",4.6,Intel Celeron Dual Core Processor,13,23.0
MSI GS Core i7 8th Gen - (16 GB/512 GB SSD/Windows 10 Home/6 GB Graphics/NVIDIA GeForce GTX 1060) GS65...,"₹1,49,990",4.1,512 GB SSD for Reduced Boot Up Time and in Game Loading,13,11.0
Lenovo IdeaPad Gaming Ryzen 5 Hexa Core 4600H - (8 GB/1 TB HDD/256 GB SSD/Windows 10 Home/4 GB Graphic...,"₹63,990",,AMD Ryzen 5 Hexa Core Processor,13,26.0
MSI Prestige 14 Core i7 10th Gen - (16 GB/512 GB SSD/Windows 10 Home/2 GB Graphics) Prestige 14 A10RAS...,"₹99,990",4.1,Intel Core i7 Processor (10th Gen),13,19.0
Lenovo Legion 5 Core i5 10th Gen - (8 GB/512 GB SSD/Windows 10 Home/4 GB Graphics/NVIDIA GeForce GTX 1...,"₹71,990",4.4,Intel Core i5 Processor (10th Gen),13,35.0
ASUS ROG Zephyrus S Core i7 9th Gen - (24 GB/1 TB SSD/Windows 10 Home/8 GB Graphics/NVIDIA GeForce RTX...,"₹1,69,990",,Intel Core i7 Processor (9th Gen),13,47.0
Lenovo Ideapad S145 Core i5 10th Gen - (8 GB/1 TB HDD/Windows 10 Home) S145-15IIL Laptop,"₹42,990",3.9,Intel Core i5 Processor (10th Gen),13,35.0
lenovo Ideapad Slim 5i Core i5 11th Gen Intel EVO - (8 GB/1 TB HDD/256 GB SSD/Windows 10 Home) 15ITL05...,"₹60,990",4.4,Intel Evo platform feat 11th Gen Intel Core i5 processor,13,23.0
Lenovo Ideapad S145 Ryzen 5 Quad Core 3500U - (8 GB/1 TB HDD/Windows 10 Home) S145-15API Laptop,"₹44,999",4.2,AMD Ryzen 5 Quad Core Processor,13,15.0
ASUS Core i3 11th Gen - (4 GB/256 GB SSD/Windows 10 Home) K513EA-BQ303TS Thin and Light Laptop,"₹44,590",,Intel Core i3 Processor (11th Gen),13,18.0
Lenovo Core i5 9th Gen - (8 GB/1 TB HDD/Windows 10 Home/3 GB Graphics/NVIDIA GeForce GTX 1050) L340-15...,"₹49,990",4.1,Intel Core i5 Processor (9th Gen),13,28.0
ASUS ZenBook Core i5 8th Gen - (8 GB/256 GB SSD/Windows 10 Home) UX430UA-GV307T Thin and Light Laptop,"₹54,990",4.2,Intel Core i5 Processor (8th Gen),13,1.0
ASUS ROG Zephyrus S15 Core i7 10th Gen - (32 GB/1 TB SSD/Windows 10 Home/8 GB Graphics/NVIDIA GeForce ...,"₹1,99,989",,Intel Core i7 Processor (10th Gen),13,38.0
DELL Vostro Ryzen 3 Dual Core 3250U - (4 GB/1 TB HDD/Windows 10 Home) Vostro 3405 Thin and Light Lapto...,"₹31,490",3.8,AMD Ryzen 3 Dual Core Processor,13,13.0
Lenovo Ideapad 5 Ryzen 7 Octa Core 4700U - (8 GB/512 GB SSD/Windows 10 Home) 14ARE05 Thin and Light La...,"₹57,990",4.4,AMD Ryzen 7 Octa Core Processor,13,4.0
MSI Modern 14 Core i5 10th Gen - (8 GB/512 GB SSD/Windows 10 Home) Modern 14 B10MW-423IN Laptop,"₹49,990",4.4,Intel Core i5 Processor (10th Gen),13,12.0
ASUS VivoBook Flip 14 Ryzen 3 Quad Core 4300U - (4 GB/256 GB SSD/Windows 10 Home) TM420IA-EC096TS 2 in...,"₹50,590",4.8,AMD Ryzen 3 Quad Core Processor,13,19.0
HP Spectre x360 Core i5 10th Gen - (8 GB/512 GB SSD/Windows 10 Home) 13-aw0204TU 2 in 1 Laptop,"₹99,990",4.4,Intel Core i5 Processor (10th Gen),13,14.0
Lenovo IdeaPad Gaming 3 Ryzen 7 Octa Core 4800H - (8 GB/512 GB SSD/Windows 10 Home/4 GB Graphics/NVIDI...,"₹67,990",4.0,AMD Ryzen 7 Octa Core Processor,13,24.0
MSI Prestige 14 EVO Core i7 11th Gen - (16 GB/512 GB SSD/Windows 10 Home) Prestige 14 Evo A11M-463IN T...,"₹94,990",,Intel Core i7 Processor (11th Gen),13,9.0
DELL Inspiron Core i7 10th Gen - (8 GB/512 GB SSD/Windows 10 Home) Inspiron 7391 2 in 1 Laptop,"₹1,09,729",,Intel Core i7 Processor (10th Gen),13,8.0
ASUS ExpertBook P2 Core i5 10th Gen - (8 GB/1 TB HDD/DOS/2 GB Graphics) ExpertBook P2 P2451FB Thin and...,"₹69,290",,Intel Core i5 Processor (10th Gen),13,11.0
Lenovo IdeaPad Core i3 11th Gen - (8 GB/512 GB SSD/Windows 10 Home) 14ITL6 Thin and Light Laptop,"₹61,790",,Intel Core i3 Processor (11th Gen),13,
ASUS ExpertBook B9 Core i7 10th Gen - (16 GB/1 TB SSD/Windows 10 Home) ExpertBook B9 B9450FA Thin and ...,"₹1,54,990",5.0,Intel Core i7 Processor (10th Gen),14,10.0
ASUS ROG Zephyrus S Core i7 9th Gen - (24 GB/1 TB SSD/Windows 10 Home/8 GB Graphics/NVIDIA GeForce RTX...,"₹1,69,990",,Intel Core i7 Processor (9th Gen),14,47.0
Avita Liber Core i5 10th Gen - (8 GB/256 GB SSD/Windows 10 Home) NS14A8INF542-CS Thin and Light Laptop,"₹40,890",4.0,Intel Core i5 Processor (10th Gen),14,22.0
Lenovo IdeaPad Gaming Ryzen 5 Hexa Core 4600H - (8 GB/1 TB HDD/256 GB SSD/Windows 10 Home/4 GB Graphic...,"₹63,990",,AMD Ryzen 5 Hexa Core Processor,14,26.0
ASUS ExpertBook P2 Core i5 10th Gen - (8 GB/512 GB SSD/Windows 10 Pro/2 GB Graphics) ExpertBook P2 P24...,"₹86,990",,Intel Core i5 Processor (10th Gen),14,
APPLE MacBook Pro with Touch Bar Core i5 8th Gen - (8 GB/512 GB SSD/Mac OS Catalina) MXK72HN/A,"₹1,32,990",4.6,Intel Core i5 Processor (8th Gen),14,6.0
LG Gram Core i5 8th Gen - (8 GB/256 GB SSD/Windows 10 Home) Gram 15Z990 Thin and Light Laptop,"₹69,990",4.8,Intel Core i5 Processor (8th Gen),14,28.0
Lenovo Ideapad S145 Core i5 10th Gen - (8 GB/1 TB HDD/Windows 10 Home) S145-15IIL Laptop,"₹42,990",3.9,Intel Core i5 Processor (10th Gen),14,35.0
MSI WF65 Core i7 10th Gen - (16 GB/1 TB HDD/256 GB SSD/Windows 10 Pro/4 GB Graphics/NVIDIA Quadro T100...,"₹1,59,990",,Intel Core i7 Processor (10th Gen),14,11.0
ASUS ZenBook Flip 13 Core i5 11th Gen - (8 GB/512 GB SSD/Windows 10 Home) UX363EA-HP501TS 2 in 1 Lapto...,"₹94,990",,Intel Core i5 Processor (11th Gen),14,14.0
MSI GL Core i7 7th Gen - (8 GB/1 TB HDD/128 GB SSD/Windows 10 Home/4 GB Graphics/NVIDIA GeForce 1050Ti...,"₹99,990",,"Pre-installed Genuine Windows 10 Operating System (Includes Built-in Security, Free Automated Updates, Latest Features)",14,
Lenovo Core i5 9th Gen - (8 GB/1 TB HDD/Windows 10 Home/3 GB Graphics/NVIDIA GeForce GTX 1050) L340-15...,"₹49,990",4.1,Intel Core i5 Processor (9th Gen),14,28.0
DELL XPS Core i5 11th Gen Intel EVO - (8 GB/512 GB SSD/Windows 10 Home) XPS 9310 Thin and Light Laptop,"₹1,52,149",,Intel Evo platform feat 11th Gen Intel Core i5 processor,14,2.0
DELL Ryzen 5 Dual Core - (8 GB/1 TB HDD/256 GB SSD/Windows 10) 3505 Laptop,"₹49,990",,AMD Ryzen 5 Dual Core Processor,14,
ASUS ZenBook Pro 15 Core i9 8th Gen - (16 GB/1 TB SSD/Windows 10 Home/4 GB Graphics) UX580GE-E2032T La...,"₹2,04,990",5.0,First Ever Screenpad,14,2.0
Lenovo Ideapad 5 Ryzen 7 Octa Core 4700U - (8 GB/512 GB SSD/Windows 10 Home) 14ARE05 Thin and Light La...,"₹57,990",4.4,AMD Ryzen 7 Octa Core Processor,14,4.0
MSI Core i7 7th Gen - (16 GB/1 TB HDD/256 GB SSD/Windows 10 Home/8 GB Graphics/NVIDIA GeForce GTX 1070...,"₹1,85,990",4.2,"Pre-installed Genuine Windows 10 Operating System (Includes Built-in Security, Free Automated Updates, Latest Features)",14,
ASUS ZenBook 14 Core i7 8th Gen - (8 GB/512 GB SSD/Windows 10 Home) UX433FA-A6111T Thin and Light Lapt...,"₹85,990",4.5,Intel Core i7 Processor (8th Gen),14,14.0
ASUS ExpertBook B9 Core i7 10th Gen - (16 GB/1 TB SSD/Windows 10 Pro) ExpertBook B9 B9450FA Thin and L...,"₹1,67,990",,Intel Core i7 Processor (10th Gen),14,17.0
Lenovo IdeaPad Gaming 3 Ryzen 7 Octa Core 4800H - (8 GB/512 GB SSD/Windows 10 Home/4 GB Graphics/NVIDI...,"₹67,990",4.0,AMD Ryzen 7 Octa Core Processor,14,24.0
Avita Pura Ryzen 5 Quad Core 3500U - (8 GB/512 GB SSD/Windows 10 Home in S Mode) NS14A6INV561-PDGYB Th...,"₹30,792",4.2,AMD Ryzen 5 Quad Core Processor,14,41.0
HP 15 Core i7 8th Gen - (8 GB/1 TB HDD/128 GB SSD/Windows 10 Home/4 GB Graphics) 15-dc0082TX Laptop,"₹1,16,941",,Intel Core i7 Processor (8th Gen),14,
MSI Creator 17 Core i7 10th Gen - (32 GB/1 TB SSD/Windows 10 Home/8 GB Graphics/NVIDIA GeForce RTX 207...,"₹2,64,990",,Intel Core i7 Processor (10th Gen),14,15.0
Lenovo IdeaPad Core i3 11th Gen - (8 GB/512 GB SSD/Windows 10 Home) 14ITL6 Thin and Light Laptop,"₹61,790",,Intel Core i3 Processor (11th Gen),14,
